date,browser,visits
2016-05-21,Safari,12372
2016-05-21,Chrome,5142
2016-05-21,Internet Explorer,1591
2016-05-21,Firefox,791
2016-05-21,Edge,466
2016-05-21,Amazon Silk,322
2016-05-21,Android Browser,283
2016-05-21,Safari (in-app),74
2016-05-21,Opera Mini,36
2016-05-21,BlackBerry,29
2016-05-21,Opera,28
2016-05-21,UC Browser,16
2016-05-21,Mozilla Compatible Agent,2
2016-05-21,SeaMonkey,2
2016-05-21,YaBrowser,2
2016-05-21,(not set),1
2016-05-21,AdobeAIR,1
2016-05-21,Coc Coc,1
2016-05-22,Safari,12629
2016-05-22,Chrome,5158
2016-05-22,Internet Explorer,1297
2016-05-22,Firefox,758
2016-05-22,Edge,478
2016-05-22,Amazon Silk,329
2016-05-22,Android Browser,268
2016-05-22,Safari (in-app),99
2016-05-22,Opera,37
2016-05-22,Opera Mini,30
2016-05-22,BlackBerry,24
2016-05-22,UC Browser,8
2016-05-22,SeaMonkey,7
2016-05-22,Mozilla Compatible Agent,3
2016-05-22,AdobeAIR,2
2016-05-22,Maxthon,2
2016-05-22,NokiaC3-00,2
2016-05-22,IE with Chrome Frame,1
2016-05-22,Nokia Browser,1
2016-05-22,Mozilla,0
2016-05-23,Safari,11224
2016-05-23,Chrome,6789
2016-05-23,Internet Explorer,5324
2016-05-23,Firefox,943
2016-05-23,Edge,567
2016-05-23,Amazon Silk,250
2016-05-23,Android Browser,235
2016-05-23,Safari (in-app),111
2016-05-23,Opera Mini,44
2016-05-23,Opera,40
2016-05-23,BlackBerry,23
2016-05-23,UC Browser,16
2016-05-23,IE with Chrome Frame,14
2016-05-23,Mozilla Compatible Agent,10
2016-05-23,Maxthon,4
2016-05-23,Coc Coc,3
2016-05-23,(not set),2
2016-05-23,AdobeAIR,2
2016-05-23,SeaMonkey,2
2016-05-23,Nokia Browser,1
2016-05-24,Safari,11593
2016-05-24,Chrome,6742
2016-05-24,Internet Explorer,5580
2016-05-24,Firefox,921
2016-05-24,Edge,554
2016-05-24,Android Browser,239
2016-05-24,Amazon Silk,236
2016-05-24,Safari (in-app),123
2016-05-24,Opera Mini,55
2016-05-24,Opera,46
2016-05-24,BlackBerry,31
2016-05-24,IE with Chrome Frame,16
2016-05-24,UC Browser,16
2016-05-24,Mozilla Compatible Agent,3
2016-05-24,SeaMonkey,3
2016-05-24,AdobeAIR,2
2016-05-24,Maxthon,2
2016-05-24,Mozilla,2
2016-05-24,YaBrowser,2
2016-05-24,Coc Coc,1
2016-05-25,Safari,11684
2016-05-25,Chrome,6798
2016-05-25,Internet Explorer,5455
2016-05-25,Firefox,970
2016-05-25,Edge,564
2016-05-25,Android Browser,257
2016-05-25,Amazon Silk,246
2016-05-25,Safari (in-app),207
2016-05-25,Opera Mini,55
2016-05-25,BlackBerry,33
2016-05-25,Opera,31
2016-05-25,UC Browser,16
2016-05-25,IE with Chrome Frame,13
2016-05-25,SeaMonkey,4
2016-05-25,(not set),2
2016-05-25,Mozilla Compatible Agent,2
2016-05-25,AdobeAIR,1
2016-05-25,Maxthon,1
2016-05-25,YaBrowser,1
2016-05-25,Mozilla,0
2016-05-26,Safari,15071
2016-05-26,Chrome,8480
2016-05-26,Internet Explorer,6399
2016-05-26,Firefox,1244
2016-05-26,Safari (in-app),824
2016-05-26,Edge,637
2016-05-26,Android Browser,313
2016-05-26,Amazon Silk,289
2016-05-26,Opera Mini,54
2016-05-26,Opera,51
2016-05-26,BlackBerry,38
2016-05-26,UC Browser,20
2016-05-26,IE with Chrome Frame,17
2016-05-26,Mozilla Compatible Agent,10
2016-05-26,SeaMonkey,5
2016-05-26,AdobeAIR,2
2016-05-26,Coc Coc,2
2016-05-26,BREW-Applet,1
2016-05-26,Dolfin,1
2016-05-27,Safari,12260
2016-05-27,Chrome,6922
2016-05-27,Internet Explorer,5308
2016-05-27,Firefox,962
2016-05-27,Edge,498
2016-05-27,Safari (in-app),414
2016-05-27,Android Browser,265
2016-05-27,Amazon Silk,255
2016-05-27,Opera,43
2016-05-27,BlackBerry,35
2016-05-27,Opera Mini,30
2016-05-27,UC Browser,18
2016-05-27,IE with Chrome Frame,13
2016-05-27,SeaMonkey,8
2016-05-27,Mozilla Compatible Agent,4
2016-05-27,YE,3
2016-05-27,AdobeAIR,2
2016-05-27,YaBrowser,2
2016-05-27,Iron,1
2016-05-27,MRCHROME,1
2016-05-27,Mozilla,0
2016-05-28,Safari,12660
2016-05-28,Chrome,5175
2016-05-28,Internet Explorer,1321
2016-05-28,Firefox,680
2016-05-28,Edge,427
2016-05-28,Safari (in-app),402
2016-05-28,Amazon Silk,292
2016-05-28,Android Browser,271
2016-05-28,Opera Mini,42
2016-05-28,BlackBerry,36
2016-05-28,Opera,32
2016-05-28,UC Browser,24
2016-05-28,Coc Coc,3
2016-05-28,SeaMonkey,3
2016-05-28,AdobeAIR,2
2016-05-28,IE with Chrome Frame,2
2016-05-28,Maxthon,2
2016-05-28,Mozilla Compatible Agent,2
2016-05-28,Easy-Thumb,1
2016-05-28,Playstation Vita Browser,1
2016-05-29,Safari,10885
2016-05-29,Chrome,4319
2016-05-29,Internet Explorer,986
2016-05-29,Firefox,539
2016-05-29,Edge,353
2016-05-29,Amazon Silk,275
2016-05-29,Android Browser,242
2016-05-29,Safari (in-app),226
2016-05-29,Opera Mini,33
2016-05-29,Opera,26
2016-05-29,BlackBerry,24
2016-05-29,UC Browser,15
2016-05-29,AdobeAIR,3
2016-05-29,Maxthon,3
2016-05-29,YaBrowser,3
2016-05-29,Mozilla Compatible Agent,2
2016-05-29,SeaMonkey,2
2016-05-29,IE with Chrome Frame,1
2016-05-29,YE,1
2016-05-30,Safari,12084
2016-05-30,Chrome,5155
2016-05-30,Internet Explorer,1310
2016-05-30,Firefox,734
2016-05-30,Edge,443
2016-05-30,Safari (in-app),282
2016-05-30,Amazon Silk,274
2016-05-30,Android Browser,257
2016-05-30,Opera Mini,42
2016-05-30,BlackBerry,33
2016-05-30,UC Browser,26
2016-05-30,Opera,25
2016-05-30,Mozilla Compatible Agent,10
2016-05-30,AdobeAIR,3
2016-05-30,SeaMonkey,3
2016-05-30,(not set),1
2016-05-30,Coc Coc,1
2016-05-30,MRCHROME,1
2016-05-30,Nintendo Browser,1
2016-05-30,YE,1
2016-05-30,YaBrowser,1
2016-05-30,Mozilla,0
2016-05-31,Safari,13522
2016-05-31,Chrome,7757
2016-05-31,Internet Explorer,5771
2016-05-31,Firefox,1129
2016-05-31,Edge,649
2016-05-31,Amazon Silk,324
2016-05-31,Android Browser,290
2016-05-31,Safari (in-app),225
2016-05-31,Opera,56
2016-05-31,Opera Mini,52
2016-05-31,BlackBerry,25
2016-05-31,IE with Chrome Frame,15
2016-05-31,UC Browser,15
2016-05-31,SeaMonkey,4
2016-05-31,Maxthon,3
2016-05-31,Mozilla Compatible Agent,3
2016-05-31,Coc Coc,1
2016-05-31,Dolfin,1
2016-05-31,YaBrowser,1
2016-06-01,Safari,12293
2016-06-01,Chrome,7047
2016-06-01,Internet Explorer,5093
2016-06-01,Firefox,1000
2016-06-01,Edge,621
2016-06-01,Safari (in-app),404
2016-06-01,Amazon Silk,282
2016-06-01,Android Browser,265
2016-06-01,Opera,43
2016-06-01,Opera Mini,40
2016-06-01,BlackBerry,25
2016-06-01,UC Browser,23
2016-06-01,IE with Chrome Frame,18
2016-06-01,SeaMonkey,5
2016-06-01,AdobeAIR,2
2016-06-01,Maxthon,2
2016-06-01,Mozilla Compatible Agent,2
2016-06-01,Playstation 3,2
2016-06-01,Playstation Vita Browser,2
2016-06-01,Coc Coc,1
2016-06-01,Dolfin,1
2016-06-01,Iron,1
2016-06-01,Nokia Browser,1
2016-06-01,YaBrowser,1
2016-06-01,Mozilla,0
2016-06-02,Safari,11957
2016-06-02,Chrome,6726
2016-06-02,Internet Explorer,5233
2016-06-02,Firefox,994
2016-06-02,Edge,524
2016-06-02,Safari (in-app),356
2016-06-02,Android Browser,251
2016-06-02,Amazon Silk,249
2016-06-02,Opera,45
2016-06-02,Opera Mini,37
2016-06-02,IE with Chrome Frame,20
2016-06-02,UC Browser,16
2016-06-02,BlackBerry,12
2016-06-02,(not set),3
2016-06-02,AdobeAIR,3
2016-06-02,Maxthon,3
2016-06-02,SeaMonkey,3
2016-06-02,YaBrowser,3
2016-06-02,Mozilla Compatible Agent,1
2016-06-02,ThumbSniper,1
2016-06-02,semanticbot,1
2016-06-03,Safari,10894
2016-06-03,Chrome,5907
2016-06-03,Internet Explorer,4568
2016-06-03,Firefox,834
2016-06-03,Edge,532
2016-06-03,Amazon Silk,220
2016-06-03,Android Browser,200
2016-06-03,Safari (in-app),156
2016-06-03,Opera,60
2016-06-03,Opera Mini,36
2016-06-03,BlackBerry,22
2016-06-03,IE with Chrome Frame,19
2016-06-03,UC Browser,14
2016-06-03,SeaMonkey,4
2016-06-03,AdobeAIR,3
2016-06-03,YaBrowser,3
2016-06-03,(not set),1
2016-06-03,Coc Coc,1
2016-06-03,Iron,1
2016-06-03,Maxthon,1
2016-06-03,NetFront,1
2016-06-03,Nokia Browser,1
2016-06-04,Safari,9960
2016-06-04,Chrome,4076
2016-06-04,Internet Explorer,1186
2016-06-04,Firefox,555
2016-06-04,Edge,395
2016-06-04,Android Browser,185
2016-06-04,Amazon Silk,165
2016-06-04,Safari (in-app),95
2016-06-04,Opera Mini,33
2016-06-04,Opera,32
2016-06-04,BlackBerry,27
2016-06-04,UC Browser,10
2016-06-04,Maxthon,3
2016-06-04,IE with Chrome Frame,2
2016-06-04,Mozilla Compatible Agent,2
2016-06-04,AdobeAIR,1
2016-06-04,Coc Coc,1
2016-06-04,SeaMonkey,1
2016-06-04,Mozilla,0
2016-06-05,Safari,11193
2016-06-05,Chrome,4392
2016-06-05,Internet Explorer,1058
2016-06-05,Firefox,576
2016-06-05,Edge,437
2016-06-05,Amazon Silk,251
2016-06-05,Android Browser,229
2016-06-05,Safari (in-app),100
2016-06-05,Opera,38
2016-06-05,Opera Mini,32
2016-06-05,BlackBerry,23
2016-06-05,UC Browser,12
2016-06-05,(not set),2
2016-06-05,IE with Chrome Frame,2
2016-06-05,Maxthon,2
2016-06-05,Nokia Browser,2
2016-06-05,SeaMonkey,2
2016-06-05,YaBrowser,2
2016-06-05,Coc Coc,1
2016-06-05,Mozilla Compatible Agent,1
2016-06-06,Safari,12906
2016-06-06,Chrome,7249
2016-06-06,Internet Explorer,5343
2016-06-06,Firefox,933
2016-06-06,Edge,635
2016-06-06,Amazon Silk,250
2016-06-06,Android Browser,245
2016-06-06,Safari (in-app),170
2016-06-06,Opera Mini,45
2016-06-06,Opera,40
2016-06-06,BlackBerry,24
2016-06-06,IE with Chrome Frame,21
2016-06-06,UC Browser,20
2016-06-06,SeaMonkey,4
2016-06-06,Maxthon,3
2016-06-06,Coc Coc,1
2016-06-06,Mozilla Compatible Agent,1
2016-06-06,Nokia Browser,1
2016-06-06,YaBrowser,1
2016-06-06,Mozilla,0
2016-06-07,Safari,13735
2016-06-07,Chrome,7337
2016-06-07,Internet Explorer,5711
2016-06-07,Firefox,1063
2016-06-07,Edge,637
2016-06-07,Android Browser,278
2016-06-07,Amazon Silk,250
2016-06-07,Safari (in-app),183
2016-06-07,Opera Mini,55
2016-06-07,Opera,39
2016-06-07,BlackBerry,24
2016-06-07,IE with Chrome Frame,22
2016-06-07,UC Browser,18
2016-06-07,SeaMonkey,4
2016-06-07,Coc Coc,3
2016-06-07,Maxthon,2
2016-06-07,Nokia Browser,1
2016-06-08,Safari,13498
2016-06-08,Chrome,7183
2016-06-08,Internet Explorer,5702
2016-06-08,Firefox,958
2016-06-08,Edge,601
2016-06-08,Amazon Silk,263
2016-06-08,Android Browser,258
2016-06-08,Safari (in-app),121
2016-06-08,Opera Mini,47
2016-06-08,BlackBerry,34
2016-06-08,Opera,34
2016-06-08,UC Browser,24
2016-06-08,IE with Chrome Frame,15
2016-06-08,SeaMonkey,4
2016-06-08,Nokia Browser,2
2016-06-08,Maxthon,1
2016-06-08,YaBrowser,1
2016-06-09,Safari,13074
2016-06-09,Chrome,7276
2016-06-09,Internet Explorer,5625
2016-06-09,Firefox,1022
2016-06-09,Edge,622
2016-06-09,Android Browser,284
2016-06-09,Amazon Silk,257
2016-06-09,Safari (in-app),256
2016-06-09,Opera,50
2016-06-09,Opera Mini,50
2016-06-09,BlackBerry,25
2016-06-09,IE with Chrome Frame,16
2016-06-09,UC Browser,16
2016-06-09,Mozilla Compatible Agent,7
2016-06-09,Maxthon,5
2016-06-09,Coc Coc,3
2016-06-09,Nokia Browser,2
2016-06-09,SeaMonkey,1
2016-06-09,YaBrowser,1
2016-06-09,Mozilla,0
2016-06-10,Safari,12297
2016-06-10,Chrome,7040
2016-06-10,Internet Explorer,5110
2016-06-10,Firefox,973
2016-06-10,Edge,566
2016-06-10,Safari (in-app),260
2016-06-10,Android Browser,250
2016-06-10,Amazon Silk,241
2016-06-10,Opera,49
2016-06-10,Opera Mini,36
2016-06-10,BlackBerry,30
2016-06-10,UC Browser,21
2016-06-10,IE with Chrome Frame,20
2016-06-10,DDG-Android-3.0.12,1
2016-06-10,Iron,1
2016-06-10,Maxthon,1
2016-06-10,Mozilla,1
2016-06-10,SeaMonkey,1
2016-06-10,YaBrowser,1
2016-06-11,Safari,11704
2016-06-11,Chrome,4937
2016-06-11,Internet Explorer,1259
2016-06-11,Firefox,660
2016-06-11,Edge,402
2016-06-11,Amazon Silk,261
2016-06-11,Android Browser,210
2016-06-11,Safari (in-app),162
2016-06-11,Opera Mini,45
2016-06-11,Opera,31
2016-06-11,BlackBerry,27
2016-06-11,UC Browser,14
2016-06-11,Mozilla Compatible Agent,2
2016-06-11,SeaMonkey,2
2016-06-11,Coc Coc,1
2016-06-11,IE with Chrome Frame,1
2016-06-11,Maxthon,1
2016-06-11,Playstation 3,1
2016-06-11,YE,1
2016-06-11,YaBrowser,1
2016-06-12,Safari,13616
2016-06-12,Chrome,5288
2016-06-12,Internet Explorer,1239
2016-06-12,Firefox,784
2016-06-12,Edge,556
2016-06-12,Amazon Silk,298
2016-06-12,Android Browser,229
2016-06-12,Safari (in-app),125
2016-06-12,Opera,45
2016-06-12,Opera Mini,43
2016-06-12,BlackBerry,28
2016-06-12,UC Browser,13
2016-06-12,Coc Coc,4
2016-06-12,SeaMonkey,3
2016-06-12,IE with Chrome Frame,1
2016-06-12,Mozilla,0
2016-06-13,Safari,12368
2016-06-13,Chrome,7055
2016-06-13,Internet Explorer,5330
2016-06-13,Firefox,1025
2016-06-13,Edge,630
2016-06-13,Android Browser,261
2016-06-13,Amazon Silk,235
2016-06-13,Safari (in-app),97
2016-06-13,Opera Mini,47
2016-06-13,Opera,46
2016-06-13,BlackBerry,19
2016-06-13,IE with Chrome Frame,16
2016-06-13,UC Browser,13
2016-06-13,(not set),3
2016-06-13,SeaMonkey,3
2016-06-13,Coc Coc,2
2016-06-13,YaBrowser,2
2016-06-13,Mozilla,1
2016-06-13,Mozilla Compatible Agent,1
2016-06-13,YE,1
2016-06-14,Safari,11994
2016-06-14,Chrome,7085
2016-06-14,Internet Explorer,5622
2016-06-14,Firefox,996
2016-06-14,Edge,622
2016-06-14,Android Browser,253
2016-06-14,Amazon Silk,233
2016-06-14,Safari (in-app),154
2016-06-14,Opera Mini,55
2016-06-14,Opera,44
2016-06-14,BlackBerry,31
2016-06-14,Mozilla Compatible Agent,23
2016-06-14,IE with Chrome Frame,19
2016-06-14,UC Browser,17
2016-06-14,SeaMonkey,3
2016-06-14,Coc Coc,1
2016-06-14,Nintendo 3DS Browser,1
2016-06-14,YaBrowser,1
2016-06-14,Mozilla,0
2016-06-15,Safari,11081
2016-06-15,Chrome,6587
2016-06-15,Internet Explorer,5020
2016-06-15,Firefox,873
2016-06-15,Edge,552
2016-06-15,Safari (in-app),265
2016-06-15,Android Browser,241
2016-06-15,Amazon Silk,225
2016-06-15,Opera,52
2016-06-15,Opera Mini,47
2016-06-15,BlackBerry,30
2016-06-15,UC Browser,26
2016-06-15,IE with Chrome Frame,24
2016-06-15,Maxthon,5
2016-06-15,YaBrowser,3
2016-06-15,Mozilla Compatible Agent,2
2016-06-15,SeaMonkey,2
2016-06-15,YE,1
2016-06-16,Safari,11246
2016-06-16,Chrome,6454
2016-06-16,Internet Explorer,4638
2016-06-16,Firefox,860
2016-06-16,Edge,537
2016-06-16,Android Browser,243
2016-06-16,Safari (in-app),219
2016-06-16,Amazon Silk,188
2016-06-16,Opera Mini,45
2016-06-16,Opera,39
2016-06-16,UC Browser,22
2016-06-16,BlackBerry,20
2016-06-16,IE with Chrome Frame,15
2016-06-16,SeaMonkey,3
2016-06-16,YaBrowser,2
2016-06-16,Iron,1
2016-06-16,Maxthon,1
2016-06-16,Nintendo Browser,1
2016-06-16,Mozilla,0
2016-06-17,Safari,10824
2016-06-17,Chrome,6106
2016-06-17,Internet Explorer,4628
2016-06-17,Firefox,875
2016-06-17,Edge,520
2016-06-17,Android Browser,204
2016-06-17,Amazon Silk,199
2016-06-17,Safari (in-app),191
2016-06-17,Opera,37
2016-06-17,Opera Mini,28
2016-06-17,UC Browser,18
2016-06-17,IE with Chrome Frame,15
2016-06-17,BlackBerry,10
2016-06-17,(not set),4
2016-06-17,Mozilla Compatible Agent,3
2016-06-17,SeaMonkey,2
2016-06-17,Maxthon,1
2016-06-17,Mozilla,0
2016-06-18,Safari,10217
2016-06-18,Chrome,4261
2016-06-18,Internet Explorer,1073
2016-06-18,Firefox,602
2016-06-18,Edge,399
2016-06-18,Android Browser,227
2016-06-18,Amazon Silk,226
2016-06-18,Safari (in-app),135
2016-06-18,Opera,32
2016-06-18,Opera Mini,29
2016-06-18,BlackBerry,22
2016-06-18,UC Browser,18
2016-06-18,Mozilla Compatible Agent,3
2016-06-18,SeaMonkey,3
2016-06-18,(not set),1
2016-06-18,IE with Chrome Frame,1
2016-06-19,Safari,11700
2016-06-19,Chrome,4664
2016-06-19,Internet Explorer,1041
2016-06-19,Firefox,591
2016-06-19,Edge,444
2016-06-19,Amazon Silk,277
2016-06-19,Android Browser,218
2016-06-19,Safari (in-app),189
2016-06-19,Opera,39
2016-06-19,Opera Mini,33
2016-06-19,BlackBerry,29
2016-06-19,UC Browser,21
2016-06-19,(not set),3
2016-06-19,Mozilla Compatible Agent,2
2016-06-19,Nokia Browser,2
2016-06-19,SeaMonkey,2
2016-06-19,Nintendo 3DS Browser,1
2016-06-19,YaBrowser,1
2016-06-19,Mozilla,0
2016-06-20,Safari,14540
2016-06-20,Chrome,8000
2016-06-20,Internet Explorer,6049
2016-06-20,Firefox,1234
2016-06-20,Edge,668
2016-06-20,Android Browser,359
2016-06-20,Amazon Silk,292
2016-06-20,Safari (in-app),124
2016-06-20,Opera,47
2016-06-20,Opera Mini,40
2016-06-20,BlackBerry,35
2016-06-20,UC Browser,18
2016-06-20,IE with Chrome Frame,17
2016-06-20,Coc Coc,3
2016-06-20,Maxthon,3
2016-06-20,Mozilla Compatible Agent,3
2016-06-20,YaBrowser,3
2016-06-20,(not set),2
2016-06-20,Playstation 3,2
2016-06-20,SeaMonkey,2
2016-06-20,MRCHROME,1
2016-06-20,YE,1
2016-06-21,Safari,13045
2016-06-21,Chrome,7459
2016-06-21,Internet Explorer,5614
2016-06-21,Firefox,1016
2016-06-21,Edge,666
2016-06-21,Android Browser,304
2016-06-21,Amazon Silk,258
2016-06-21,Safari (in-app),86
2016-06-21,Opera,41
2016-06-21,Opera Mini,38
2016-06-21,BlackBerry,37
2016-06-21,UC Browser,19
2016-06-21,IE with Chrome Frame,15
2016-06-21,(not set),8
2016-06-21,Mozilla Compatible Agent,5
2016-06-21,Maxthon,4
2016-06-21,SeaMonkey,4
2016-06-21,Iron,2
2016-06-21,Nokia Browser,2
2016-06-21,YE,2
2016-06-21,BlackBerry9700,1
2016-06-21,NetFront,1
2016-06-22,Safari,14433
2016-06-22,Chrome,7980
2016-06-22,Internet Explorer,5974
2016-06-22,Firefox,1117
2016-06-22,Edge,670
2016-06-22,Android Browser,301
2016-06-22,Amazon Silk,299
2016-06-22,Safari (in-app),206
2016-06-22,Opera,44
2016-06-22,Opera Mini,44
2016-06-22,BlackBerry,27
2016-06-22,UC Browser,21
2016-06-22,IE with Chrome Frame,14
2016-06-22,SeaMonkey,4
2016-06-22,YaBrowser,3
2016-06-22,Mozilla Compatible Agent,2
2016-06-22,Coc Coc,1
2016-06-22,Maxthon,1
2016-06-22,Nichrome,1
2016-06-23,Safari,15341
2016-06-23,Chrome,8572
2016-06-23,Internet Explorer,6481
2016-06-23,Firefox,1219
2016-06-23,Edge,741
2016-06-23,Amazon Silk,310
2016-06-23,Android Browser,293
2016-06-23,Safari (in-app),117
2016-06-23,Opera,61
2016-06-23,BlackBerry,40
2016-06-23,Opera Mini,27
2016-06-23,IE with Chrome Frame,25
2016-06-23,UC Browser,15
2016-06-23,Mozilla Compatible Agent,10
2016-06-23,Maxthon,4
2016-06-23,SeaMonkey,3
2016-06-23,YaBrowser,2
2016-06-23,(not set),1
2016-06-23,Iron,1
2016-06-23,Nokia Browser,1
2016-06-23,Mozilla,0
2016-06-24,Safari,11257
2016-06-24,Chrome,7289
2016-06-24,Internet Explorer,5023
2016-06-24,Safari (in-app),1340
2016-06-24,Firefox,928
2016-06-24,Edge,578
2016-06-24,Android Browser,245
2016-06-24,Amazon Silk,211
2016-06-24,Opera,47
2016-06-24,Opera Mini,31
2016-06-24,IE with Chrome Frame,22
2016-06-24,BlackBerry,21
2016-06-24,UC Browser,17
2016-06-24,Mozilla Compatible Agent,14
2016-06-24,SeaMonkey,5
2016-06-24,Coc Coc,1
2016-06-25,Safari,10657
2016-06-25,Chrome,4507
2016-06-25,Internet Explorer,1170
2016-06-25,Firefox,578
2016-06-25,Edge,445
2016-06-25,Safari (in-app),271
2016-06-25,Amazon Silk,227
2016-06-25,Android Browser,220
2016-06-25,Opera,38
2016-06-25,BlackBerry,26
2016-06-25,Opera Mini,22
2016-06-25,UC Browser,10
2016-06-25,Maxthon,4
2016-06-25,IE with Chrome Frame,2
2016-06-25,Nokia Browser,2
2016-06-25,Iron,1
2016-06-25,Playstation 3,1
2016-06-25,Mozilla,0
2016-06-26,Safari,12097
2016-06-26,Chrome,4942
2016-06-26,Internet Explorer,1077
2016-06-26,Firefox,634
2016-06-26,Edge,486
2016-06-26,Amazon Silk,265
2016-06-26,Android Browser,241
2016-06-26,Safari (in-app),136
2016-06-26,Opera,35
2016-06-26,BlackBerry,26
2016-06-26,Opera Mini,26
2016-06-26,UC Browser,23
2016-06-26,SeaMonkey,5
2016-06-26,YaBrowser,3
2016-06-26,Mozilla Compatible Agent,2
2016-06-26,Coc Coc,1
2016-06-26,IE with Chrome Frame,1
2016-06-26,Maxthon,1
2016-06-27,Safari,12537
2016-06-27,Chrome,7230
2016-06-27,Internet Explorer,5584
2016-06-27,Firefox,1020
2016-06-27,Edge,650
2016-06-27,Android Browser,238
2016-06-27,Amazon Silk,237
2016-06-27,Safari (in-app),160
2016-06-27,Opera Mini,47
2016-06-27,Opera,42
2016-06-27,IE with Chrome Frame,21
2016-06-27,BlackBerry,20
2016-06-27,UC Browser,19
2016-06-27,Mozilla Compatible Agent,7
2016-06-27,SeaMonkey,4
2016-06-27,YaBrowser,4
2016-06-27,Maxthon,3
2016-06-27,Easy-Thumb,1
2016-06-27,Iron,1
2016-06-27,RockMelt,1
2016-06-27,Mozilla,0
2016-06-28,Safari,12749
2016-06-28,Chrome,7464
2016-06-28,Internet Explorer,5804
2016-06-28,Firefox,1022
2016-06-28,Edge,698
2016-06-28,Android Browser,273
2016-06-28,Safari (in-app),226
2016-06-28,Amazon Silk,224
2016-06-28,Opera Mini,61
2016-06-28,Opera,45
2016-06-28,BlackBerry,27
2016-06-28,IE with Chrome Frame,18
2016-06-28,UC Browser,14
2016-06-28,Mozilla Compatible Agent,4
2016-06-28,SeaMonkey,4
2016-06-28,Coc Coc,1
2016-06-28,Maxthon,1
2016-06-28,YaBrowser,1
2016-06-29,Safari,13314
2016-06-29,Chrome,7931
2016-06-29,Internet Explorer,5948
2016-06-29,Firefox,1087
2016-06-29,Edge,700
2016-06-29,Android Browser,304
2016-06-29,Amazon Silk,252
2016-06-29,Safari (in-app),171
2016-06-29,Opera,47
2016-06-29,Opera Mini,46
2016-06-29,BlackBerry,24
2016-06-29,UC Browser,17
2016-06-29,IE with Chrome Frame,14
2016-06-29,SeaMonkey,7
2016-06-29,Mozilla Compatible Agent,4
2016-06-29,Coc Coc,1
2016-06-29,HUAWEI-HUAWEI-Y-220T,1
2016-06-29,Nintendo Browser,1
2016-06-29,Nokia Browser,1
2016-06-29,Mozilla,0
2016-06-30,Safari,13984
2016-06-30,Chrome,7820
2016-06-30,Internet Explorer,5857
2016-06-30,Firefox,1057
2016-06-30,Edge,690
2016-06-30,Android Browser,265
2016-06-30,Amazon Silk,262
2016-06-30,Safari (in-app),171
2016-06-30,Opera,47
2016-06-30,Opera Mini,38
2016-06-30,BlackBerry,35
2016-06-30,IE with Chrome Frame,19
2016-06-30,UC Browser,19
2016-06-30,SeaMonkey,3
2016-06-30,Phantom Browser,1
2016-06-30,Playstation 3,1
2016-07-01,Safari,12703
2016-07-01,Chrome,7222
2016-07-01,Internet Explorer,5268
2016-07-01,Firefox,985
2016-07-01,Edge,600
2016-07-01,Amazon Silk,263
2016-07-01,Android Browser,254
2016-07-01,Safari (in-app),179
2016-07-01,BlackBerry,32
2016-07-01,Opera Mini,32
2016-07-01,Opera,30
2016-07-01,IE with Chrome Frame,10
2016-07-01,UC Browser,9
2016-07-01,Mozilla Compatible Agent,7
2016-07-01,SeaMonkey,4
2016-07-01,Maxthon,2
2016-07-01,(not set),1
2016-07-01,Iron,1
2016-07-01,Mozilla,1
2016-07-01,Nokia Browser,1
2016-07-02,Safari,11591
2016-07-02,Chrome,4714
2016-07-02,Internet Explorer,1195
2016-07-02,Firefox,649
2016-07-02,Edge,441
2016-07-02,Amazon Silk,281
2016-07-02,Safari (in-app),267
2016-07-02,Android Browser,242
2016-07-02,Opera Mini,31
2016-07-02,Opera,26
2016-07-02,BlackBerry,21
2016-07-02,UC Browser,20
2016-07-02,SeaMonkey,4
2016-07-02,IE with Chrome Frame,2
2016-07-02,(not set),1
2016-07-02,HggH PhantomJS Screenshoter,1
2016-07-02,Mozilla,1
2016-07-02,Mozilla Compatible Agent,1
2016-07-02,Nokia Browser,1
2016-07-03,Safari,13358
2016-07-03,Chrome,5297
2016-07-03,Internet Explorer,1120
2016-07-03,Firefox,652
2016-07-03,Edge,523
2016-07-03,Amazon Silk,319
2016-07-03,Android Browser,286
2016-07-03,Safari (in-app),93
2016-07-03,Opera,39
2016-07-03,Opera Mini,35
2016-07-03,BlackBerry,20
2016-07-03,UC Browser,13
2016-07-03,SeaMonkey,5
2016-07-03,Maxthon,3
2016-07-03,Mozilla Compatible Agent,2
2016-07-03,Coc Coc,1
2016-07-03,YaBrowser,1
2016-07-03,Mozilla,0
2016-07-04,Safari,12816
2016-07-04,Chrome,7352
2016-07-04,Internet Explorer,5454
2016-07-04,Firefox,1082
2016-07-04,Edge,594
2016-07-04,Android Browser,261
2016-07-04,Amazon Silk,249
2016-07-04,Safari (in-app),168
2016-07-04,BlackBerry,43
2016-07-04,Opera,34
2016-07-04,Opera Mini,30
2016-07-04,UC Browser,16
2016-07-04,IE with Chrome Frame,13
2016-07-04,SeaMonkey,5
2016-07-04,Mozilla Compatible Agent,3
2016-07-04,Maxthon,2
2016-07-04,Playstation 3,1
2016-07-04,YE,1
2016-07-05,Safari,12305
2016-07-05,Chrome,7152
2016-07-05,Internet Explorer,5453
2016-07-05,Firefox,988
2016-07-05,Edge,631
2016-07-05,Android Browser,230
2016-07-05,Amazon Silk,222
2016-07-05,Safari (in-app),109
2016-07-05,Opera,34
2016-07-05,BlackBerry,33
2016-07-05,Opera Mini,26
2016-07-05,IE with Chrome Frame,15
2016-07-05,Mozilla Compatible Agent,13
2016-07-05,UC Browser,9
2016-07-05,SeaMonkey,4
2016-07-05,YaBrowser,4
2016-07-05,Maxthon,2
2016-07-05,Coc Coc,1
2016-07-05,MRCHROME,1
2016-07-05,Playstation 3,1
2016-07-06,Safari,11596
2016-07-06,Chrome,6514
2016-07-06,Internet Explorer,5139
2016-07-06,Firefox,883
2016-07-06,Edge,589
2016-07-06,Amazon Silk,234
2016-07-06,Android Browser,213
2016-07-06,Safari (in-app),62
2016-07-06,Opera Mini,31
2016-07-06,BlackBerry,27
2016-07-06,Opera,26
2016-07-06,IE with Chrome Frame,18
2016-07-06,UC Browser,11
2016-07-06,Mozilla Compatible Agent,6
2016-07-06,SeaMonkey,5
2016-07-06,YE,2
2016-07-06,Iron,1
2016-07-06,Maxthon,1
2016-07-06,Nokia Browser,1
2016-07-06,YaBrowser,1
2016-07-07,Safari,12645
2016-07-07,Chrome,7005
2016-07-07,Internet Explorer,5447
2016-07-07,Firefox,925
2016-07-07,Edge,550
2016-07-07,Amazon Silk,240
2016-07-07,Android Browser,217
2016-07-07,Safari (in-app),111
2016-07-07,Opera Mini,41
2016-07-07,BlackBerry,35
2016-07-07,Opera,28
2016-07-07,IE with Chrome Frame,21
2016-07-07,UC Browser,15
2016-07-07,Mozilla Compatible Agent,5
2016-07-07,SeaMonkey,2
2016-07-07,Lunascape,1
2016-07-07,Nokia Browser,1
2016-07-08,Safari,12613
2016-07-08,Chrome,6783
2016-07-08,Internet Explorer,5217
2016-07-08,Firefox,936
2016-07-08,Edge,549
2016-07-08,Amazon Silk,250
2016-07-08,Android Browser,219
2016-07-08,Safari (in-app),136
2016-07-08,Opera Mini,40
2016-07-08,Opera,34
2016-07-08,BlackBerry,25
2016-07-08,UC Browser,16
2016-07-08,IE with Chrome Frame,14
2016-07-08,SeaMonkey,4
2016-07-08,Maxthon,3
2016-07-08,Coc Coc,1
2016-07-08,Mozilla Compatible Agent,1
2016-07-08,YE,1
2016-07-08,Mozilla,0
2016-07-09,Safari,12920
2016-07-09,Chrome,5038
2016-07-09,Internet Explorer,1240
2016-07-09,Firefox,644
2016-07-09,Edge,442
2016-07-09,Amazon Silk,244
2016-07-09,Android Browser,230
2016-07-09,Safari (in-app),42
2016-07-09,BlackBerry,29
2016-07-09,Opera Mini,24
2016-07-09,Opera,23
2016-07-09,UC Browser,16
2016-07-09,SeaMonkey,3
2016-07-09,IE with Chrome Frame,2
2016-07-09,Maxthon,2
2016-07-09,DDG-Android-3.0.12,1
2016-07-09,Iron,1
2016-07-09,Nokia Browser,1
2016-07-09,YaBrowser,1
2016-07-10,Safari,14651
2016-07-10,Chrome,5489
2016-07-10,Internet Explorer,1185
2016-07-10,Firefox,740
2016-07-10,Edge,513
2016-07-10,Amazon Silk,326
2016-07-10,Android Browser,255
2016-07-10,Safari (in-app),61
2016-07-10,Opera,39
2016-07-10,Opera Mini,34
2016-07-10,BlackBerry,28
2016-07-10,UC Browser,11
2016-07-10,SeaMonkey,5
2016-07-10,Coc Coc,2
2016-07-10,Maxthon,2
2016-07-10,YaBrowser,2
2016-07-10,Dolfin,1
2016-07-10,IE with Chrome Frame,1
2016-07-10,Mozilla Compatible Agent,1
2016-07-11,Safari,13497
2016-07-11,Chrome,7399
2016-07-11,Internet Explorer,5521
2016-07-11,Firefox,1109
2016-07-11,Edge,680
2016-07-11,Amazon Silk,289
2016-07-11,Android Browser,275
2016-07-11,Safari (in-app),108
2016-07-11,Opera,45
2016-07-11,Opera Mini,42
2016-07-11,BlackBerry,32
2016-07-11,IE with Chrome Frame,24
2016-07-11,UC Browser,21
2016-07-11,Maxthon,3
2016-07-11,Mozilla,2
2016-07-11,Mozilla Compatible Agent,2
2016-07-11,Playstation 3,2
2016-07-11,@ozilla,1
2016-07-11,Coc Coc,1
2016-07-11,SeaMonkey,1
2016-07-12,Safari,12415
2016-07-12,Chrome,7035
2016-07-12,Internet Explorer,5341
2016-07-12,Firefox,944
2016-07-12,Edge,623
2016-07-12,Safari (in-app),317
2016-07-12,Android Browser,248
2016-07-12,Amazon Silk,238
2016-07-12,Opera Mini,44
2016-07-12,Opera,43
2016-07-12,BlackBerry,19
2016-07-12,UC Browser,13
2016-07-12,IE with Chrome Frame,12
2016-07-12,Mozilla Compatible Agent,6
2016-07-12,Maxthon,1
2016-07-12,Mozilla,1
2016-07-12,ThumbSniper,1
2016-07-13,Safari,11978
2016-07-13,Chrome,7194
2016-07-13,Internet Explorer,5310
2016-07-13,Firefox,1010
2016-07-13,Edge,574
2016-07-13,Android Browser,241
2016-07-13,Amazon Silk,213
2016-07-13,Safari (in-app),174
2016-07-13,Opera Mini,40
2016-07-13,Opera,32
2016-07-13,BlackBerry,26
2016-07-13,UC Browser,11
2016-07-13,IE with Chrome Frame,10
2016-07-13,Mozilla Compatible Agent,8
2016-07-13,Coc Coc,2
2016-07-13,Maxthon,2
2016-07-13,(not set),1
2016-07-13,Mozilla,1
2016-07-13,Playstation 3,1
2016-07-13,YaBrowser,1
2016-07-14,Safari,11406
2016-07-14,Chrome,6466
2016-07-14,Internet Explorer,5019
2016-07-14,Firefox,831
2016-07-14,Edge,544
2016-07-14,Android Browser,236
2016-07-14,Amazon Silk,181
2016-07-14,Safari (in-app),144
2016-07-14,Opera Mini,51
2016-07-14,Opera,38
2016-07-14,BlackBerry,30
2016-07-14,UC Browser,15
2016-07-14,IE with Chrome Frame,13
2016-07-14,Mozilla Compatible Agent,5
2016-07-14,(not set),3
2016-07-14,Maxthon,2
2016-07-14,YaBrowser,2
2016-07-14,Iron,1
2016-07-14,SeaMonkey,1
2016-07-15,Safari,10434
2016-07-15,Chrome,5944
2016-07-15,Internet Explorer,4554
2016-07-15,Firefox,800
2016-07-15,Edge,541
2016-07-15,Android Browser,211
2016-07-15,Amazon Silk,197
2016-07-15,Safari (in-app),120
2016-07-15,Opera Mini,37
2016-07-15,Opera,34
2016-07-15,BlackBerry,20
2016-07-15,UC Browser,20
2016-07-15,IE with Chrome Frame,16
2016-07-15,SeaMonkey,4
2016-07-15,Mozilla Compatible Agent,3
2016-07-15,(not set),1
2016-07-15,Iron,1
2016-07-15,MRCHROME,1
2016-07-15,Maxthon,1
2016-07-15,YaBrowser,1
2016-07-16,Safari,10838
2016-07-16,Chrome,4406
2016-07-16,Internet Explorer,1035
2016-07-16,Firefox,529
2016-07-16,Edge,434
2016-07-16,Amazon Silk,220
2016-07-16,Android Browser,182
2016-07-16,Safari (in-app),154
2016-07-16,Opera,32
2016-07-16,Opera Mini,29
2016-07-16,BlackBerry,18
2016-07-16,UC Browser,12
2016-07-16,Mozilla Compatible Agent,3
2016-07-16,Dolfin,2
2016-07-16,IE with Chrome Frame,2
2016-07-16,Maxthon,1
2016-07-16,SAMSUNG-GT-S3770K,1
2016-07-16,SeaMonkey,1
2016-07-16,YaBrowser,1
2016-07-17,Safari,13046
2016-07-17,Chrome,5073
2016-07-17,Internet Explorer,1035
2016-07-17,Firefox,559
2016-07-17,Edge,484
2016-07-17,Safari (in-app),306
2016-07-17,Amazon Silk,257
2016-07-17,Android Browser,237
2016-07-17,Opera,36
2016-07-17,BlackBerry,20
2016-07-17,Opera Mini,20
2016-07-17,UC Browser,16
2016-07-17,(not set),3
2016-07-17,Mozilla Compatible Agent,3
2016-07-17,SeaMonkey,3
2016-07-17,YaBrowser,3
2016-07-17,Dolfin,2
2016-07-17,Maxthon,2
2016-07-17,Playstation Vita Browser,2
2016-07-17,IE with Chrome Frame,1
2016-07-18,Safari,15671
2016-07-18,Chrome,8395
2016-07-18,Internet Explorer,6328
2016-07-18,Firefox,1094
2016-07-18,Edge,744
2016-07-18,Safari (in-app),356
2016-07-18,Android Browser,288
2016-07-18,Amazon Silk,265
2016-07-18,Opera Mini,43
2016-07-18,Opera,41
2016-07-18,UC Browser,18
2016-07-18,IE with Chrome Frame,17
2016-07-18,BlackBerry,15
2016-07-18,Mozilla Compatible Agent,7
2016-07-18,SeaMonkey,5
2016-07-18,Maxthon,1
2016-07-18,Nokia Browser,1
2016-07-18,Playstation Vita Browser,1
2016-07-19,Safari,20221
2016-07-19,Chrome,10448
2016-07-19,Internet Explorer,7585
2016-07-19,Firefox,1397
2016-07-19,Edge,890
2016-07-19,Amazon Silk,352
2016-07-19,Android Browser,349
2016-07-19,Safari (in-app),279
2016-07-19,Opera,45
2016-07-19,Opera Mini,43
2016-07-19,BlackBerry,37
2016-07-19,IE with Chrome Frame,23
2016-07-19,UC Browser,16
2016-07-19,Mozilla Compatible Agent,9
2016-07-19,SeaMonkey,5
2016-07-19,Playstation 3,2
2016-07-19,Iron,1
2016-07-19,Maxthon,1
2016-07-19,YaBrowser,1
2016-07-19,www.splashaccess.net,1
2016-07-20,Safari,15467
2016-07-20,Chrome,7994
2016-07-20,Internet Explorer,5470
2016-07-20,Firefox,1034
2016-07-20,Edge,709
2016-07-20,Android Browser,295
2016-07-20,Amazon Silk,266
2016-07-20,Safari (in-app),188
2016-07-20,Opera,39
2016-07-20,Opera Mini,27
2016-07-20,BlackBerry,24
2016-07-20,IE with Chrome Frame,17
2016-07-20,UC Browser,16
2016-07-20,Mozilla Compatible Agent,6
2016-07-20,SeaMonkey,5
2016-07-20,(not set),1
2016-07-20,Maxthon,1
2016-07-21,Safari,13228
2016-07-21,Chrome,7090
2016-07-21,Internet Explorer,5255
2016-07-21,Firefox,918
2016-07-21,Edge,629
2016-07-21,Android Browser,251
2016-07-21,Amazon Silk,241
2016-07-21,Safari (in-app),138
2016-07-21,Opera Mini,35
2016-07-21,BlackBerry,31
2016-07-21,Opera,31
2016-07-21,UC Browser,19
2016-07-21,IE with Chrome Frame,16
2016-07-21,Mozilla Compatible Agent,5
2016-07-21,SeaMonkey,3
2016-07-21,Maxthon,1
2016-07-22,Safari,11784
2016-07-22,Chrome,6468
2016-07-22,Internet Explorer,4623
2016-07-22,Firefox,782
2016-07-22,Edge,565
2016-07-22,Android Browser,225
2016-07-22,Amazon Silk,217
2016-07-22,Safari (in-app),111
2016-07-22,Opera Mini,32
2016-07-22,Opera,28
2016-07-22,BlackBerry,26
2016-07-22,UC Browser,14
2016-07-22,IE with Chrome Frame,11
2016-07-22,Mozilla Compatible Agent,4
2016-07-22,Maxthon,1
2016-07-22,Netscape,1
2016-07-22,Nokia Browser,1
2016-07-22,SeaMonkey,1
2016-07-22,YaBrowser,1
2016-07-23,Safari,12097
2016-07-23,Chrome,4842
2016-07-23,Internet Explorer,1144
2016-07-23,Firefox,568
2016-07-23,Edge,419
2016-07-23,Amazon Silk,234
2016-07-23,Android Browser,206
2016-07-23,Safari (in-app),107
2016-07-23,BlackBerry,37
2016-07-23,Opera Mini,33
2016-07-23,Opera,25
2016-07-23,UC Browser,19
2016-07-23,SeaMonkey,3
2016-07-23,BrowserNG,2
2016-07-23,YE,2
2016-07-23,(not set),1
2016-07-23,Mozilla Compatible Agent,1
2016-07-24,Safari,13694
2016-07-24,Chrome,5227
2016-07-24,Internet Explorer,1078
2016-07-24,Firefox,647
2016-07-24,Edge,469
2016-07-24,Amazon Silk,309
2016-07-24,Android Browser,248
2016-07-24,Safari (in-app),107
2016-07-24,Opera Mini,36
2016-07-24,BlackBerry,20
2016-07-24,Opera,18
2016-07-24,UC Browser,17
2016-07-24,SeaMonkey,4
2016-07-24,Mozilla Compatible Agent,3
2016-07-24,IE with Chrome Frame,2
2016-07-24,(not set),1
2016-07-24,AdobeAIR,1
2016-07-24,YaBrowser,1
2016-07-25,Safari,12993
2016-07-25,Chrome,7048
2016-07-25,Internet Explorer,4957
2016-07-25,Firefox,942
2016-07-25,Edge,654
2016-07-25,Safari (in-app),251
2016-07-25,Amazon Silk,246
2016-07-25,Android Browser,232
2016-07-25,Opera,30
2016-07-25,Opera Mini,28
2016-07-25,BlackBerry,22
2016-07-25,IE with Chrome Frame,22
2016-07-25,UC Browser,21
2016-07-25,Mozilla Compatible Agent,8
2016-07-25,SeaMonkey,4
2016-07-25,Coc Coc,1
2016-07-25,Maxthon,1
2016-07-25,Playstation 3,1
2016-07-25,YE,1
2016-07-26,Safari,13399
2016-07-26,Chrome,7285
2016-07-26,Internet Explorer,5180
2016-07-26,Firefox,930
2016-07-26,Edge,649
2016-07-26,Safari (in-app),478
2016-07-26,Amazon Silk,238
2016-07-26,Android Browser,226
2016-07-26,Opera Mini,44
2016-07-26,Opera,35
2016-07-26,BlackBerry,24
2016-07-26,UC Browser,15
2016-07-26,IE with Chrome Frame,11
2016-07-26,Mozilla Compatible Agent,4
2016-07-26,SeaMonkey,4
2016-07-26,BlackBerry9700,2
2016-07-26,Coc Coc,1
2016-07-26,Playstation 3,1
2016-07-26,YaBrowser,1
2016-07-27,Safari,13502
2016-07-27,Chrome,7487
2016-07-27,Internet Explorer,5559
2016-07-27,Firefox,952
2016-07-27,Edge,692
2016-07-27,Safari (in-app),310
2016-07-27,Android Browser,270
2016-07-27,Amazon Silk,267
2016-07-27,Opera Mini,38
2016-07-27,Opera,31
2016-07-27,BlackBerry,28
2016-07-27,UC Browser,16
2016-07-27,IE with Chrome Frame,11
2016-07-27,Mozilla Compatible Agent,11
2016-07-27,SeaMonkey,5
2016-07-27,Playstation 3,4
2016-07-27,(not set),2
2016-07-27,Coc Coc,2
2016-07-27,Easy-Thumb,1
2016-07-27,Iron,1
2016-07-27,Maxthon,1
2016-07-27,YaBrowser,1
2016-07-28,Safari,13904
2016-07-28,Chrome,7672
2016-07-28,Internet Explorer,5283
2016-07-28,Firefox,1061
2016-07-28,Edge,724
2016-07-28,Amazon Silk,277
2016-07-28,Android Browser,237
2016-07-28,Safari (in-app),162
2016-07-28,Opera Mini,37
2016-07-28,Opera,35
2016-07-28,BlackBerry,25
2016-07-28,IE with Chrome Frame,20
2016-07-28,UC Browser,18
2016-07-28,Mozilla Compatible Agent,6
2016-07-28,(not set),4
2016-07-28,SeaMonkey,4
2016-07-28,Maxthon,2
2016-07-28,YaBrowser,2
2016-07-28,Cloudfone GEO 500q,1
2016-07-28,Mozilla,1
2016-07-28,Playstation 3,1
2016-07-29,Safari,12144
2016-07-29,Chrome,6473
2016-07-29,Internet Explorer,4673
2016-07-29,Firefox,865
2016-07-29,Edge,581
2016-07-29,Android Browser,233
2016-07-29,Amazon Silk,215
2016-07-29,Safari (in-app),133
2016-07-29,Opera Mini,43
2016-07-29,Opera,29
2016-07-29,BlackBerry,24
2016-07-29,IE with Chrome Frame,10
2016-07-29,UC Browser,9
2016-07-29,SeaMonkey,8
2016-07-29,Mozilla Compatible Agent,3
2016-07-29,Iron,1
2016-07-29,Nintendo Browser,1
2016-07-29,Playstation Vita Browser,1
2016-07-29,YE,1
2016-07-30,Safari,10895
2016-07-30,Chrome,4528
2016-07-30,Internet Explorer,1110
2016-07-30,Firefox,559
2016-07-30,Edge,418
2016-07-30,Amazon Silk,235
2016-07-30,Android Browser,210
2016-07-30,Safari (in-app),84
2016-07-30,Opera Mini,42
2016-07-30,Opera,34
2016-07-30,BlackBerry,33
2016-07-30,UC Browser,17
2016-07-30,IE with Chrome Frame,1
2016-07-30,Mozilla Compatible Agent,1
2016-07-30,Playstation 3,1
2016-07-30,SeaMonkey,1
2016-07-30,YaBrowser,1
2016-07-31,Safari,12740
2016-07-31,Chrome,4855
2016-07-31,Internet Explorer,961
2016-07-31,Firefox,558
2016-07-31,Edge,525
2016-07-31,Amazon Silk,254
2016-07-31,Android Browser,218
2016-07-31,Safari (in-app),61
2016-07-31,Opera Mini,35
2016-07-31,BlackBerry,26
2016-07-31,Opera,26
2016-07-31,UC Browser,10
2016-07-31,Mozilla Compatible Agent,4
2016-07-31,Coc Coc,2
2016-07-31,Dolfin,2
2016-07-31,SeaMonkey,2
2016-07-31,IE with Chrome Frame,1
2016-07-31,Playstation 3,1
2016-08-01,Safari,14237
2016-08-01,Chrome,7680
2016-08-01,Internet Explorer,5381
2016-08-01,Firefox,997
2016-08-01,Edge,765
2016-08-01,Amazon Silk,296
2016-08-01,Android Browser,268
2016-08-01,Safari (in-app),102
2016-08-01,Opera,44
2016-08-01,BlackBerry,36
2016-08-01,Opera Mini,32
2016-08-01,UC Browser,15
2016-08-01,IE with Chrome Frame,12
2016-08-01,Mozilla Compatible Agent,7
2016-08-01,SeaMonkey,5
2016-08-01,Maxthon,4
2016-08-01,Iron,1
2016-08-01,Nokia Browser,1
2016-08-02,Safari,15139
2016-08-02,Chrome,8291
2016-08-02,Internet Explorer,5619
2016-08-02,Firefox,1084
2016-08-02,Edge,785
2016-08-02,Android Browser,296
2016-08-02,Amazon Silk,293
2016-08-02,Safari (in-app),77
2016-08-02,Opera,48
2016-08-02,BlackBerry,33
2016-08-02,Opera Mini,21
2016-08-02,UC Browser,14
2016-08-02,IE with Chrome Frame,12
2016-08-02,Mozilla Compatible Agent,4
2016-08-02,SeaMonkey,4
2016-08-02,Maxthon,2
2016-08-02,Coc Coc,1
2016-08-02,Iron,1
2016-08-03,Safari,15322
2016-08-03,Chrome,8209
2016-08-03,Internet Explorer,5869
2016-08-03,Firefox,1100
2016-08-03,Edge,766
2016-08-03,Amazon Silk,309
2016-08-03,Android Browser,273
2016-08-03,Safari (in-app),99
2016-08-03,BlackBerry,41
2016-08-03,Opera,38
2016-08-03,Opera Mini,32
2016-08-03,UC Browser,24
2016-08-03,IE with Chrome Frame,17
2016-08-03,Mozilla Compatible Agent,7
2016-08-03,SeaMonkey,6
2016-08-03,Maxthon,2
2016-08-03,Playstation 3,1
2016-08-04,Safari,13126
2016-08-04,Chrome,7124
2016-08-04,Internet Explorer,5344
2016-08-04,Firefox,964
2016-08-04,Edge,647
2016-08-04,Amazon Silk,262
2016-08-04,Android Browser,236
2016-08-04,Safari (in-app),109
2016-08-04,Opera Mini,39
2016-08-04,BlackBerry,27
2016-08-04,Opera,25
2016-08-04,UC Browser,20
2016-08-04,IE with Chrome Frame,13
2016-08-04,Mozilla Compatible Agent,8
2016-08-04,SeaMonkey,3
2016-08-04,Mozilla,2
2016-08-04,Playstation Vita Browser,2
2016-08-04,(not set),1
2016-08-04,Iron,1
2016-08-04,Nokia Browser,1
2016-08-04,Playstation 3,1
2016-08-05,Safari,11419
2016-08-05,Chrome,6143
2016-08-05,Internet Explorer,4539
2016-08-05,Firefox,764
2016-08-05,Edge,536
2016-08-05,Safari (in-app),415
2016-08-05,Amazon Silk,229
2016-08-05,Android Browser,188
2016-08-05,Opera,27
2016-08-05,Opera Mini,23
2016-08-05,BlackBerry,22
2016-08-05,IE with Chrome Frame,11
2016-08-05,UC Browser,9
2016-08-05,SeaMonkey,5
2016-08-05,Mozilla Compatible Agent,4
2016-08-05,Playstation 3,1
2016-08-06,Safari,11711
2016-08-06,Chrome,4660
2016-08-06,Internet Explorer,1116
2016-08-06,Firefox,580
2016-08-06,Edge,441
2016-08-06,Safari (in-app),254
2016-08-06,Amazon Silk,249
2016-08-06,Android Browser,184
2016-08-06,Opera,30
2016-08-06,Opera Mini,29
2016-08-06,BlackBerry,22
2016-08-06,UC Browser,18
2016-08-06,SeaMonkey,4
2016-08-06,Mozilla Compatible Agent,3
2016-08-06,Coc Coc,1
2016-08-06,IE with Chrome Frame,1
2016-08-06,Iron,1
2016-08-06,Nokia Browser,1
2016-08-07,Safari,15445
2016-08-07,Chrome,5989
2016-08-07,Internet Explorer,1266
2016-08-07,Firefox,714
2016-08-07,Edge,649
2016-08-07,Amazon Silk,337
2016-08-07,Android Browser,265
2016-08-07,Safari (in-app),165
2016-08-07,Opera Mini,38
2016-08-07,Opera,35
2016-08-07,BlackBerry,26
2016-08-07,UC Browser,12
2016-08-07,Mozilla Compatible Agent,6
2016-08-07,SeaMonkey,6
2016-08-07,Coc Coc,1
2016-08-07,IE with Chrome Frame,1
2016-08-07,Iron,1
2016-08-07,Lenovo-A889,1
2016-08-07,Playstation 3,1
2016-08-07,Mozilla,0
2016-08-08,Safari,12575
2016-08-08,Chrome,6804
2016-08-08,Internet Explorer,4966
2016-08-08,Firefox,884
2016-08-08,Edge,634
2016-08-08,Amazon Silk,255
2016-08-08,Android Browser,218
2016-08-08,Safari (in-app),182
2016-08-08,Opera Mini,42
2016-08-08,Opera,30
2016-08-08,BlackBerry,22
2016-08-08,IE with Chrome Frame,20
2016-08-08,UC Browser,18
2016-08-08,Mozilla Compatible Agent,6
2016-08-08,SeaMonkey,6
2016-08-08,Lenovo-A880,2
2016-08-09,Safari,9318
2016-08-09,Chrome,5200
2016-08-09,Internet Explorer,3799
2016-08-09,Firefox,683
2016-08-09,Edge,473
2016-08-09,Amazon Silk,199
2016-08-09,Android Browser,139
2016-08-09,Safari (in-app),121
2016-08-09,Opera Mini,37
2016-08-09,Opera,27
2016-08-09,BlackBerry,24
2016-08-09,UC Browser,19
2016-08-09,IE with Chrome Frame,13
2016-08-09,Mozilla Compatible Agent,8
2016-08-09,Maxthon,2
2016-08-09,Nokia Browser,1
2016-08-09,SeaMonkey,1
2016-08-09,YE,1
2016-08-10,Safari,12510
2016-08-10,Chrome,6980
2016-08-10,Internet Explorer,4929
2016-08-10,Firefox,881
2016-08-10,Edge,687
2016-08-10,Amazon Silk,249
2016-08-10,Android Browser,203
2016-08-10,Safari (in-app),144
2016-08-10,Opera Mini,38
2016-08-10,Opera,36
2016-08-10,BlackBerry,26
2016-08-10,UC Browser,26
2016-08-10,IE with Chrome Frame,18
2016-08-10,Mozilla Compatible Agent,10
2016-08-10,SeaMonkey,3
2016-08-10,Maxthon,2
2016-08-10,Playstation 3,1
2016-08-11,Safari,12635
2016-08-11,Chrome,6593
2016-08-11,Internet Explorer,4678
2016-08-11,Firefox,878
2016-08-11,Edge,642
2016-08-11,Amazon Silk,222
2016-08-11,Android Browser,188
2016-08-11,Safari (in-app),187
2016-08-11,Opera Mini,36
2016-08-11,Opera,24
2016-08-11,BlackBerry,23
2016-08-11,UC Browser,16
2016-08-11,IE with Chrome Frame,14
2016-08-11,Mozilla Compatible Agent,5
2016-08-11,SeaMonkey,2
2016-08-11,Mozilla,1
2016-08-12,Safari,11485
2016-08-12,Chrome,6111
2016-08-12,Internet Explorer,4317
2016-08-12,Firefox,783
2016-08-12,Edge,557
2016-08-12,Amazon Silk,174
2016-08-12,Android Browser,159
2016-08-12,Safari (in-app),126
2016-08-12,Opera Mini,29
2016-08-12,Opera,24
2016-08-12,BlackBerry,22
2016-08-12,IE with Chrome Frame,19
2016-08-12,UC Browser,16
2016-08-12,Mozilla Compatible Agent,8
2016-08-12,Maxthon,2
2016-08-12,SeaMonkey,1
2016-08-13,Safari,11449
2016-08-13,Chrome,4386
2016-08-13,Internet Explorer,1074
2016-08-13,Firefox,502
2016-08-13,Edge,446
2016-08-13,Amazon Silk,234
2016-08-13,Safari (in-app),230
2016-08-13,Android Browser,158
2016-08-13,Opera Mini,35
2016-08-13,BlackBerry,23
2016-08-13,Opera,20
2016-08-13,UC Browser,13
2016-08-13,Mozilla Compatible Agent,10
2016-08-13,Maxthon,5
2016-08-13,SeaMonkey,2
2016-08-13,Dolfin,1
2016-08-14,Safari,12143
2016-08-14,Chrome,4739
2016-08-14,Internet Explorer,887
2016-08-14,Firefox,505
2016-08-14,Edge,444
2016-08-14,Amazon Silk,249
2016-08-14,Android Browser,194
2016-08-14,Safari (in-app),141
2016-08-14,Opera Mini,52
2016-08-14,BlackBerry,25
2016-08-14,Opera,22
2016-08-14,UC Browser,15
2016-08-14,Mozilla Compatible Agent,3
2016-08-14,SeaMonkey,3
2016-08-14,Coc Coc,1
2016-08-14,Lenovo-A889,1
2016-08-15,Safari,14371
2016-08-15,Chrome,7427
2016-08-15,Internet Explorer,5200
2016-08-15,Firefox,955
2016-08-15,Edge,725
2016-08-15,Safari (in-app),270
2016-08-15,Amazon Silk,263
2016-08-15,Android Browser,206
2016-08-15,Opera Mini,40
2016-08-15,Opera,34
2016-08-15,UC Browser,26
2016-08-15,BlackBerry,23
2016-08-15,IE with Chrome Frame,17
2016-08-15,Mozilla Compatible Agent,5
2016-08-15,Coc Coc,4
2016-08-15,SeaMonkey,4
2016-08-15,Maxthon,3
2016-08-15,Mozilla,1
2016-08-15,YaBrowser,1
2016-08-16,Safari,14411
2016-08-16,Chrome,7781
2016-08-16,Internet Explorer,5543
2016-08-16,Firefox,938
2016-08-16,Edge,689
2016-08-16,Safari (in-app),300
2016-08-16,Amazon Silk,270
2016-08-16,Android Browser,200
2016-08-16,Opera Mini,52
2016-08-16,Opera,37
2016-08-16,BlackBerry,29
2016-08-16,UC Browser,16
2016-08-16,IE with Chrome Frame,12
2016-08-16,Mozilla Compatible Agent,10
2016-08-16,SeaMonkey,3
2016-08-16,Maxthon,1
2016-08-17,Safari,17286
2016-08-17,Chrome,8705
2016-08-17,Internet Explorer,5991
2016-08-17,Firefox,1152
2016-08-17,Edge,819
2016-08-17,Amazon Silk,328
2016-08-17,Android Browser,254
2016-08-17,Safari (in-app),233
2016-08-17,Opera,42
2016-08-17,Opera Mini,42
2016-08-17,BlackBerry,34
2016-08-17,UC Browser,17
2016-08-17,IE with Chrome Frame,10
2016-08-17,Mozilla Compatible Agent,7
2016-08-17,SeaMonkey,5
2016-08-17,Maxthon,3
2016-08-17,(not set),1
2016-08-17,Mozilla\5.0,1
2016-08-17,NetFront,1
2016-08-17,Nokia Browser,1
2016-08-18,Safari,15778
2016-08-18,Chrome,8200
2016-08-18,Internet Explorer,5680
2016-08-18,Firefox,1047
2016-08-18,Edge,825
2016-08-18,Safari (in-app),424
2016-08-18,Amazon Silk,306
2016-08-18,Android Browser,255
2016-08-18,Opera Mini,48
2016-08-18,Opera,41
2016-08-18,BlackBerry,26
2016-08-18,UC Browser,17
2016-08-18,IE with Chrome Frame,9
2016-08-18,Mozilla Compatible Agent,7
2016-08-18,SeaMonkey,3
2016-08-18,Coc Coc,2
2016-08-18,Maxthon,2
2016-08-18,Playstation Vita Browser,1